DM,0,1,All
0.0,0.34988713318284426,0.04740406320541761,0.3972911963882618
1.0,0.38826185101580135,0.2144469525959368,0.6027088036117382
All,0.7381489841986456,0.2618510158013544,1.0
