HTN,0,1,All
0.0,0.2979683972911964,0.06772009029345373,0.3656884875846501
1.0,0.4401805869074492,0.19413092550790068,0.6343115124153499
All,0.7381489841986456,0.2618510158013544,1.0
