DIABETES_AND_HPL,0,1,All
0,0.19413092550790068,0.35891647855530473,0.5530474040632054
1,0.11512415349887133,0.33182844243792325,0.4469525959367946
All,0.309255079006772,0.690744920993228,1.0
