MET Syndrome,0,1,All
0.0,0.1399548532731377,0.18961625282167044,0.3295711060948081
1.0,0.16930022573363432,0.5011286681715575,0.6704288939051919
All,0.309255079006772,0.690744920993228,1.0
