HTN_AND_HPL,0,1,All
0,0.44469525959367945,0.10835214446952596,0.5530474040632054
1,0.29345372460496616,0.15349887133182843,0.4469525959367946
All,0.7381489841986456,0.2618510158013544,1.0
