HTN_AND_METSYN,0,1,All
0,0.1580135440180587,0.2866817155756208,0.44469525959367945
1,0.15124153498871332,0.4040632054176072,0.5553047404063205
All,0.309255079006772,0.690744920993228,1.0
