HPL,0,1,All
0.0,0.13318284424379231,0.23927765237020315,0.3724604966139955
1.0,0.17607223476297967,0.45146726862302483,0.6275395033860045
All,0.309255079006772,0.690744920993228,1.0
