HPL,0,1,All
0.0,0.309255079006772,0.06320541760722348,0.3724604966139955
1.0,0.4288939051918736,0.1986455981941309,0.6275395033860045
All,0.7381489841986456,0.2618510158013544,1.0
