HTN_AND_HPL,0,1,All
0,0.18510158013544017,0.36794582392776526,0.5530474040632054
1,0.12415349887133183,0.3227990970654628,0.4469525959367946
All,0.309255079006772,0.690744920993228,1.0
