METSYN_AND_HPL,0,1,All
0,0.18510158013544017,0.29345372460496616,0.4785553047404063
1,0.12415349887133183,0.3972911963882618,0.5214446952595937
All,0.309255079006772,0.690744920993228,1.0
