DM,0,1,All
0.0,0.15124153498871332,0.24604966139954854,0.3972911963882618
1.0,0.1580135440180587,0.44469525959367945,0.6027088036117382
All,0.309255079006772,0.690744920993228,1.0
